Year,Month,Vehicle_Type,Recession,Automobile_Sales,Advertising_Expenditure,Avg_Vehicle_Price,Unemployment_Rate,GDP
2000,1,Sedan,0,1632,481,49802,8.68,3.59
2000,1,SUV,0,1159,408,24426,6.76,2.67
2000,1,Truck,0,4102,991,28322,4.12,4.89
2000,1,Hatchback,0,3519,378,25051,5.1,2.56
2000,2,Sedan,0,5540,457,49419,4.14,3.34
2000,2,SUV,0,3669,1015,38431,5.75,2.78
2000,2,Truck,0,826,1021,23005,5.2,3.3
2000,2,Hatchback,0,2433,299,23556,7.65,2.1
2000,3,Sedan,0,3522,910,30555,7.38,2.85
2000,3,SUV,0,3734,1296,45939,5.45,3.89
2000,3,Truck,0,3667,1137,32206,5.04,2.87
2000,3,Hatchback,0,2502,1262,43939,5.87,3.32
2000,4,Sedan,0,5211,1197,29692,9.82,4.21
2000,4,SUV,0,793,391,46557,9.56,4.05
2000,4,Truck,0,4610,721,27629,5.18,1.66
2000,4,Hatchback,0,1004,1271,29268,7.52,4.88
2000,5,Sedan,0,1054,769,27208,5.78,2.08
2000,5,SUV,0,3681,575,49824,5.19,1.52
2000,5,Truck,0,1069,1006,49090,8.63,1.76
2000,5,Hatchback,0,3333,182,39483,9.18,3.68
2000,6,Sedan,0,4324,191,49174,5.87,2.64
2000,6,SUV,0,3877,1262,30965,9.32,3.15
2000,6,Truck,0,3828,1128,37412,7.37,4.2
2000,6,Hatchback,0,1644,1162,40872,8.26,1.89
2000,7,Sedan,0,2380,1027,35934,9.37,3.16
2000,7,SUV,0,5629,1298,38141,4.84,3.62
2000,7,Truck,0,2613,351,41020,5.37,1.77
2000,7,Hatchback,0,2666,444,39541,9.28,3.69
2000,8,Sedan,0,2516,968,49467,8.82,2.15
2000,8,SUV,0,2977,559,38047,8.84,4.64
2000,8,Truck,0,4562,375,43776,5.63,3.77
2000,8,Hatchback,0,3810,1097,29474,4.04,3.29
2000,9,Sedan,0,5895,1008,33545,6.03,4.8
2000,9,SUV,0,4734,1002,37879,8.22,2.77
2000,9,Truck,0,2149,791,31649,8.27,2.02
2000,9,Hatchback,0,4198,234,37082,7.66,3.26
2000,10,Sedan,0,1624,1085,27392,7.81,3.88
2000,10,SUV,0,2648,1077,25791,7.32,3.57
2000,10,Truck,0,4812,392,31447,5.43,4.05
2000,10,Hatchback,0,3392,1216,39315,9.9,2.9
2000,11,Sedan,0,4898,1106,42671,9.01,2.62
2000,11,SUV,0,4676,731,35708,9.15,2.64
2000,11,Truck,0,2242,793,28338,6.09,1.84
2000,11,Hatchback,0,1185,960,43078,9.62,1.98
2000,12,Sedan,0,5473,516,36646,7.96,4.36
2000,12,SUV,0,1819,872,33168,5.45,1.83
2000,12,Truck,0,5067,717,39492,9.3,2.16
2000,12,Hatchback,0,4404,985,35151,9.08,4.5
2001,1,Sedan,1,2583,617,32183,11.11,3.77
2001,1,SUV,1,1361,162,48499,9.48,1.8
2001,1,Truck,1,418,201,34172,7.7,1.57
2001,1,Hatchback,1,2993,736,47810,9.91,1.28
2001,2,Sedan,1,461,543,43328,8.96,1.13
2001,2,SUV,1,1418,796,33446,10.33,1.58
2001,2,Truck,1,2264,447,29146,8.21,1.43
2001,2,Hatchback,1,1535,109,34565,8.36,3.62
2001,3,Sedan,1,2697,100,36609,8.1,2.76
2001,3,SUV,1,1021,464,49124,7.38,2.25
2001,3,Truck,1,2534,488,28208,11.97,2.14
2001,3,Hatchback,1,1098,377,30757,8.22,0.55
2001,4,Sedan,1,1978,358,20301,11.8,3.87
2001,4,SUV,1,1147,232,30492,8.31,3.48
2001,4,Truck,1,2678,337,44703,8.24,1.88
2001,4,Hatchback,1,748,337,21895,6.42,1.23
2001,5,Sedan,1,3159,762,38070,6.84,2.31
2001,5,SUV,1,1336,707,47751,10.18,2.96
2001,5,Truck,1,2314,509,25986,7.54,2.64
2001,5,Hatchback,1,2415,739,32323,10.79,2.77
2001,6,Sedan,1,3496,602,45547,11.32,0.6
2001,6,SUV,1,2291,762,40530,8.79,2.4
2001,6,Truck,1,1153,199,42841,11.16,1.38
2001,6,Hatchback,1,3047,122,35338,6.76,2.33
2001,7,Sedan,1,2536,536,23051,11.79,2.1
2001,7,SUV,1,963,786,24142,10.2,0.98
2001,7,Truck,1,3404,375,37019,10.29,0.64
2001,7,Hatchback,1,433,744,34098,8.63,0.77
2001,8,Sedan,1,868,458,28308,6.49,2.0
2001,8,SUV,1,1701,592,21081,11.49,2.05
2001,8,Truck,1,741,560,32775,11.61,2.73
2001,8,Hatchback,1,3199,642,29662,8.61,3.06
2001,9,Sedan,1,2552,202,21679,6.95,0.92
2001,9,SUV,1,2699,255,41572,6.56,1.59
2001,9,Truck,1,2491,441,49899,6.1,3.17
2001,9,Hatchback,1,1494,310,43805,8.6,1.89
2001,10,Sedan,1,2344,223,27390,6.09,3.77
2001,10,SUV,1,1491,694,29207,9.95,1.07
2001,10,Truck,1,2337,348,25878,11.67,3.54
2001,10,Hatchback,1,2832,760,38071,10.06,2.51
2001,11,Sedan,1,1447,632,48074,11.65,1.85
2001,11,SUV,1,3089,113,44107,7.64,1.25
2001,11,Truck,1,2711,797,47122,9.71,1.68
2001,11,Hatchback,1,3279,700,43132,11.07,0.58
2001,12,Sedan,1,641,171,28808,8.98,2.93
2001,12,SUV,1,1411,139,20412,6.24,1.96
2001,12,Truck,1,2315,620,31657,8.54,2.49
2001,12,Hatchback,1,2300,630,37506,8.48,1.8
2002,1,Sedan,0,3171,991,43190,9.58,4.5
2002,1,SUV,0,4728,1032,25644,8.44,2.33
2002,1,Truck,0,5342,209,28787,8.96,2.62
2002,1,Hatchback,0,1437,153,34512,4.32,4.85
2002,2,Sedan,0,5605,473,22502,9.74,3.87
2002,2,SUV,0,4892,605,28335,6.69,2.53
2002,2,Truck,0,4125,738,27651,9.68,4.23
2002,2,Hatchback,0,1874,270,44244,6.97,1.7
2002,3,Sedan,0,4552,952,29348,8.42,3.41
2002,3,SUV,0,1743,768,27056,4.61,1.79
2002,3,Truck,0,2029,349,47569,9.35,2.01
2002,3,Hatchback,0,4483,677,46962,7.49,4.52
2002,4,Sedan,0,2238,778,46256,9.68,4.95
2002,4,SUV,0,1986,1173,23141,8.25,3.19
2002,4,Truck,0,4107,365,46790,6.55,4.67
2002,4,Hatchback,0,5560,292,31714,5.52,2.92
2002,5,Sedan,0,5050,204,43003,8.6,4.38
2002,5,SUV,0,2949,130,26530,7.5,4.87
2002,5,Truck,0,2056,789,48016,4.5,3.35
2002,5,Hatchback,0,759,204,23627,9.87,3.45
2002,6,Sedan,0,5610,1280,47860,9.96,1.76
2002,6,SUV,0,2100,985,33843,4.45,2.08
2002,6,Truck,0,4651,812,49838,6.73,3.7
2002,6,Hatchback,0,4596,981,28662,4.27,2.48
2002,7,Sedan,0,3939,1147,41447,6.37,1.87
2002,7,SUV,0,5961,139,29337,5.13,3.12
2002,7,Truck,0,3894,539,20539,4.47,4.91
2002,7,Hatchback,0,5130,781,43486,7.22,2.58
2002,8,Sedan,0,3609,1080,37308,4.8,1.77
2002,8,SUV,0,5982,900,43410,8.35,3.65
2002,8,Truck,0,610,1199,45373,9.2,1.66
2002,8,Hatchback,0,1818,1170,49045,8.86,4.96
2002,9,Sedan,0,5589,410,40309,8.97,3.49
2002,9,SUV,0,5400,921,30344,6.49,2.46
2002,9,Truck,0,3000,1050,29860,9.98,3.44
2002,9,Hatchback,0,4963,1008,24809,9.1,2.37
2002,10,Sedan,0,3057,195,41164,7.64,2.3
2002,10,SUV,0,2787,172,23419,5.61,1.58
2002,10,Truck,0,898,1004,49109,8.63,3.32
2002,10,Hatchback,0,5835,198,28427,7.37,4.57
2002,11,Sedan,0,2817,650,41103,6.88,2.97
2002,11,SUV,0,2102,1237,32173,8.22,2.25
2002,11,Truck,0,2194,256,28017,6.35,3.03
2002,11,Hatchback,0,3020,529,48920,7.08,4.24
2002,12,Sedan,0,4412,860,30320,9.7,2.01
2002,12,SUV,0,4766,557,39216,5.55,3.11
2002,12,Truck,0,3711,1134,34388,6.08,2.23
2002,12,Hatchback,0,5565,1106,32234,4.46,1.95
2003,1,Sedan,0,4734,804,45475,5.09,2.71
2003,1,SUV,0,4519,1251,23266,7.09,4.91
2003,1,Truck,0,5587,952,31314,4.25,2.09
2003,1,Hatchback,0,5280,822,33716,7.29,3.37
2003,2,Sedan,0,1227,578,47693,6.19,3.26
2003,2,SUV,0,3355,189,25240,8.13,3.29
2003,2,Truck,0,5642,1209,40527,4.37,2.47
2003,2,Hatchback,0,3066,941,34178,5.11,2.23
2003,3,Sedan,0,1365,201,33013,5.42,4.16
2003,3,SUV,0,3150,409,35745,8.48,1.63
2003,3,Truck,0,2575,1103,42890,7.19,1.88
2003,3,Hatchback,0,2887,148,33503,5.62,2.82
2003,4,Sedan,0,1455,179,38360,9.04,1.81
2003,4,SUV,0,750,1184,24632,9.34,3.58
2003,4,Truck,0,2523,640,28258,7.89,3.18
2003,4,Hatchback,0,5647,739,34369,7.35,3.55
2003,5,Sedan,0,3566,925,39123,7.88,3.5
2003,5,SUV,0,2970,538,37260,5.98,4.77
2003,5,Truck,0,2352,989,46900,4.92,2.36
2003,5,Hatchback,0,3675,583,43370,4.53,4.32
2003,6,Sedan,0,5082,1198,45736,4.48,3.34
2003,6,SUV,0,1875,426,30787,9.98,4.64
2003,6,Truck,0,1160,1080,48746,9.19,4.36
2003,6,Hatchback,0,4113,916,38935,8.34,4.37
2003,7,Sedan,0,5746,1229,30954,7.43,2.48
2003,7,SUV,0,1969,1215,46386,5.2,4.08
2003,7,Truck,0,3057,245,32941,5.73,3.53
2003,7,Hatchback,0,5680,793,26988,7.2,1.68
2003,8,Sedan,0,3046,141,36644,4.38,4.96
2003,8,SUV,0,3072,347,48289,4.53,1.99
2003,8,Truck,0,3451,1149,39208,7.57,3.15
2003,8,Hatchback,0,3045,673,48253,4.64,4.48
2003,9,Sedan,0,5432,435,30161,4.75,4.06
2003,9,SUV,0,3762,839,38944,8.45,3.51
2003,9,Truck,0,5220,1263,45828,5.21,2.07
2003,9,Hatchback,0,4077,621,20077,7.14,2.76
2003,10,Sedan,0,1878,244,47025,8.9,3.04
2003,10,SUV,0,4916,1168,31954,7.74,3.39
2003,10,Truck,0,3228,993,22192,9.4,2.84
2003,10,Hatchback,0,2996,1196,23687,5.37,3.4
2003,11,Sedan,0,836,968,47202,7.77,2.67
2003,11,SUV,0,3042,750,29446,7.44,4.99
2003,11,Truck,0,1944,663,37334,4.86,2.22
2003,11,Hatchback,0,2828,807,24612,9.26,2.7
2003,12,Sedan,0,4023,335,49486,9.08,1.95
2003,12,SUV,0,4473,971,47804,5.38,4.03
2003,12,Truck,0,5670,663,36478,7.59,3.48
2003,12,Hatchback,0,1551,1183,22116,8.96,4.86
2004,1,Sedan,0,4102,843,31397,6.41,3.12
2004,1,SUV,0,3418,600,22443,9.47,1.99
2004,1,Truck,0,4537,938,46215,9.23,4.76
2004,1,Hatchback,0,5941,549,47511,4.14,3.78
2004,2,Sedan,0,4267,913,31641,4.41,1.77
2004,2,SUV,0,4839,513,23368,9.55,3.08
2004,2,Truck,0,4033,925,23476,4.99,2.15
2004,2,Hatchback,0,4236,1201,23072,9.22,3.32
2004,3,Sedan,0,3849,689,43496,8.47,2.22
2004,3,SUV,0,5654,994,33224,4.69,2.95
2004,3,Truck,0,2550,226,27973,6.08,2.71
2004,3,Hatchback,0,1100,579,23600,7.52,1.61
2004,4,Sedan,0,2046,991,32312,6.99,2.97
2004,4,SUV,0,5856,210,49674,7.79,1.55
2004,4,Truck,0,4344,1232,33395,6.75,3.45
2004,4,Hatchback,0,1009,747,41566,9.98,3.26
2004,5,Sedan,0,2750,1085,47788,6.38,2.99
2004,5,SUV,0,1741,1068,47965,5.23,2.17
2004,5,Truck,0,2400,500,27311,7.39,1.73
2004,5,Hatchback,0,4268,380,26645,6.64,2.9
2004,6,Sedan,0,1735,1209,42400,6.01,1.76
2004,6,SUV,0,2377,1270,42689,6.45,1.59
2004,6,Truck,0,2787,360,39846,7.95,1.59
2004,6,Hatchback,0,3967,1214,34295,5.18,3.27
2004,7,Sedan,0,992,198,39694,7.42,4.61
2004,7,SUV,0,5010,471,27970,5.46,4.03
2004,7,Truck,0,4429,1186,38922,9.78,4.81
2004,7,Hatchback,0,5732,738,41389,5.76,4.64
2004,8,Sedan,0,5910,1136,36032,5.25,1.59
2004,8,SUV,0,4742,841,37692,6.53,4.62
2004,8,Truck,0,4912,1098,35358,6.28,3.57
2004,8,Hatchback,0,5989,820,34596,6.07,4.21
2004,9,Sedan,0,4892,1238,37771,4.84,4.54
2004,9,SUV,0,3814,205,44557,6.83,2.14
2004,9,Truck,0,5343,278,47856,5.61,3.4
2004,9,Hatchback,0,883,494,48006,5.31,3.76
2004,10,Sedan,0,3649,133,43193,7.15,2.1
2004,10,SUV,0,5157,1175,36458,8.94,3.35
2004,10,Truck,0,3106,591,44616,5.64,3.44
2004,10,Hatchback,0,2546,946,28041,4.84,2.42
2004,11,Sedan,0,1374,1079,24263,5.5,3.72
2004,11,SUV,0,1144,1019,31664,6.51,2.84
2004,11,Truck,0,3817,854,40609,5.0,4.08
2004,11,Hatchback,0,4039,1029,31555,8.63,1.74
2004,12,Sedan,0,5220,513,46634,6.13,4.02
2004,12,SUV,0,4024,1095,45826,9.7,2.89
2004,12,Truck,0,3853,1114,49077,8.4,2.25
2004,12,Hatchback,0,1500,321,35826,7.57,1.68
2005,1,Sedan,0,5952,755,34536,8.63,1.87
2005,1,SUV,0,3411,150,42144,6.97,3.91
2005,1,Truck,0,5544,179,44354,8.91,4.3
2005,1,Hatchback,0,805,694,39933,4.03,1.86
2005,2,Sedan,0,2563,185,36314,9.5,1.98
2005,2,SUV,0,994,868,48470,7.13,1.8
2005,2,Truck,0,4995,409,20338,8.39,4.32
2005,2,Hatchback,0,2700,759,22421,7.82,4.93
2005,3,Sedan,0,5071,871,40377,4.31,3.84
2005,3,SUV,0,4630,1140,49711,9.55,2.13
2005,3,Truck,0,4388,453,36774,4.2,3.94
2005,3,Hatchback,0,5678,1276,35023,4.69,2.98
2005,4,Sedan,0,2400,900,23294,9.17,4.46
2005,4,SUV,0,5996,704,39945,7.87,3.78
2005,4,Truck,0,4467,934,44364,4.46,3.94
2005,4,Hatchback,0,4179,366,43510,4.39,2.6
2005,5,Sedan,0,4904,582,35317,5.91,3.69
2005,5,SUV,0,5533,769,33737,9.26,2.96
2005,5,Truck,0,1485,349,20545,4.13,4.56
2005,5,Hatchback,0,4454,484,35775,9.6,1.75
2005,6,Sedan,0,1575,166,49629,4.53,1.63
2005,6,SUV,0,925,700,38155,9.9,4.19
2005,6,Truck,0,1704,595,40819,8.43,2.34
2005,6,Hatchback,0,3060,686,21165,5.78,4.48
2005,7,Sedan,0,774,509,27832,5.66,4.69
2005,7,SUV,0,3758,647,35152,6.35,1.94
2005,7,Truck,0,3280,1175,46684,5.55,3.56
2005,7,Hatchback,0,1567,700,43870,9.67,3.14
2005,8,Sedan,0,2841,422,35512,8.46,1.73
2005,8,SUV,0,1660,444,23564,4.72,1.66
2005,8,Truck,0,1588,412,37320,5.12,4.23
2005,8,Hatchback,0,5214,800,38180,7.78,2.26
2005,9,Sedan,0,4404,154,38297,7.15,2.41
2005,9,SUV,0,3559,1025,45425,8.18,2.04
2005,9,Truck,0,5706,1089,48645,7.74,4.12
2005,9,Hatchback,0,4392,556,24675,7.48,1.82
2005,10,Sedan,0,2568,548,30874,4.78,4.61
2005,10,SUV,0,2226,349,49192,5.97,4.76
2005,10,Truck,0,2301,422,45559,5.52,1.52
2005,10,Hatchback,0,5366,357,33913,7.2,4.87
2005,11,Sedan,0,2653,1163,40420,9.95,1.72
2005,11,SUV,0,2188,419,36701,7.55,4.39
2005,11,Truck,0,2509,180,26183,7.39,2.43
2005,11,Hatchback,0,2142,409,27314,9.21,2.36
2005,12,Sedan,0,2644,1144,20362,5.43,4.76
2005,12,SUV,0,5941,377,23738,8.52,2.06
2005,12,Truck,0,1267,1202,22808,4.18,4.39
2005,12,Hatchback,0,3862,600,31700,8.46,2.06
2006,1,Sedan,0,3483,464,36077,8.54,2.41
2006,1,SUV,0,2982,419,47693,5.96,3.46
2006,1,Truck,0,5946,418,27009,7.8,3.39
2006,1,Hatchback,0,1808,552,30706,8.57,3.39
2006,2,Sedan,0,2096,1209,21435,7.8,4.76
2006,2,SUV,0,932,383,27059,8.13,1.74
2006,2,Truck,0,1848,809,45493,8.25,3.16
2006,2,Hatchback,0,625,744,31383,4.27,4.55
2006,3,Sedan,0,1423,499,41195,8.5,1.96
2006,3,SUV,0,3513,726,41510,4.39,4.38
2006,3,Truck,0,5398,725,49241,4.01,2.06
2006,3,Hatchback,0,4627,799,34288,4.61,4.49
2006,4,Sedan,0,4610,1281,22844,8.16,2.27
2006,4,SUV,0,4441,1021,33261,5.38,1.96
2006,4,Truck,0,5133,1232,31645,4.91,3.01
2006,4,Hatchback,0,5539,522,36335,9.14,4.88
2006,5,Sedan,0,2618,717,25626,6.46,4.63
2006,5,SUV,0,4917,339,21980,5.2,4.54
2006,5,Truck,0,1549,809,46385,9.19,3.16
2006,5,Hatchback,0,2528,206,26573,5.22,1.82
2006,6,Sedan,0,1222,897,37434,9.07,4.16
2006,6,SUV,0,5932,1029,25655,9.53,3.66
2006,6,Truck,0,1231,327,35069,4.7,1.94
2006,6,Hatchback,0,2850,1090,28712,5.2,3.22
2006,7,Sedan,0,739,630,41847,6.6,4.95
2006,7,SUV,0,3921,222,48436,4.43,2.87
2006,7,Truck,0,2266,772,49278,8.33,3.8
2006,7,Hatchback,0,1473,1170,38427,8.68,1.64
2006,8,Sedan,0,855,1027,33399,4.88,1.86
2006,8,SUV,0,4340,1002,35822,6.99,3.66
2006,8,Truck,0,3864,1056,29127,4.06,2.64
2006,8,Hatchback,0,601,421,47424,9.3,1.79
2006,9,Sedan,0,1700,262,30433,9.86,2.2
2006,9,SUV,0,3202,314,23041,4.25,3.85
2006,9,Truck,0,2874,540,26082,9.38,3.58
2006,9,Hatchback,0,4372,595,46846,7.25,3.98
2006,10,Sedan,0,5293,1025,23389,8.7,3.64
2006,10,SUV,0,3516,137,20458,9.37,3.42
2006,10,Truck,0,4662,157,28601,6.89,1.64
2006,10,Hatchback,0,5530,144,30326,7.9,3.18
2006,11,Sedan,0,2119,287,40022,6.82,4.1
2006,11,SUV,0,5164,949,22356,7.95,3.24
2006,11,Truck,0,4998,1068,20661,5.99,3.4
2006,11,Hatchback,0,1898,964,47547,5.2,3.88
2006,12,Sedan,0,1022,560,48464,9.21,4.05
2006,12,SUV,0,1747,159,28595,7.77,4.07
2006,12,Truck,0,4743,820,20955,4.24,4.53
2006,12,Hatchback,0,2127,280,42015,7.64,3.59
2007,1,Sedan,0,4174,1134,32582,5.66,3.57
2007,1,SUV,0,2122,956,49963,6.3,3.13
2007,1,Truck,0,4149,1086,47490,8.66,2.92
2007,1,Hatchback,0,4642,812,42861,7.08,2.95
2007,2,Sedan,0,5406,847,22365,4.58,2.92
2007,2,SUV,0,615,783,22278,6.16,3.58
2007,2,Truck,0,4459,1287,48504,9.82,2.4
2007,2,Hatchback,0,2102,468,30238,7.53,3.6
2007,3,Sedan,0,5875,522,26430,5.42,1.76
2007,3,SUV,0,922,898,46569,6.69,3.84
2007,3,Truck,0,4718,462,26276,5.49,3.66
2007,3,Hatchback,0,3432,877,43413,5.01,1.63
2007,4,Sedan,0,3880,393,46788,8.69,3.97
2007,4,SUV,0,3243,605,21742,7.35,3.39
2007,4,Truck,0,2926,1275,46957,4.34,3.36
2007,4,Hatchback,0,1851,495,47420,7.84,2.29
2007,5,Sedan,0,3638,1112,25178,5.9,3.28
2007,5,SUV,0,2074,144,40969,6.38,3.18
2007,5,Truck,0,750,410,43857,9.84,3.53
2007,5,Hatchback,0,4498,685,33605,4.84,1.6
2007,6,Sedan,0,5883,565,21969,5.21,3.86
2007,6,SUV,0,3039,572,44704,8.38,2.05
2007,6,Truck,0,2421,240,37582,8.16,4.43
2007,6,Hatchback,0,3568,666,42641,5.46,4.41
2007,7,Sedan,0,962,1095,32144,4.18,4.76
2007,7,SUV,0,4286,319,33598,7.95,2.88
2007,7,Truck,0,3489,911,28125,7.95,5.0
2007,7,Hatchback,0,1288,889,47808,6.44,4.55
2007,8,Sedan,0,3758,1112,39614,8.43,4.57
2007,8,SUV,0,4407,770,21667,8.01,4.33
2007,8,Truck,0,1800,491,45426,9.21,2.81
2007,8,Hatchback,0,1585,720,46200,5.97,3.71
2007,9,Sedan,0,5506,1053,22190,8.17,2.86
2007,9,SUV,0,2328,525,28927,6.24,2.3
2007,9,Truck,0,4605,1255,31207,8.01,3.67
2007,9,Hatchback,0,4186,1138,29218,7.25,4.83
2007,10,Sedan,0,3601,946,21177,4.65,2.02
2007,10,SUV,0,5878,509,47598,7.2,3.63
2007,10,Truck,0,1731,574,41829,8.48,4.0
2007,10,Hatchback,0,1804,156,20406,6.59,4.64
2007,11,Sedan,0,4425,289,26542,5.46,4.74
2007,11,SUV,0,5224,549,33076,6.88,2.18
2007,11,Truck,0,1755,613,48211,8.02,4.75
2007,11,Hatchback,0,726,674,29873,6.4,4.92
2007,12,Sedan,0,3164,577,40829,5.09,3.88
2007,12,SUV,0,4984,534,35600,7.4,2.4
2007,12,Truck,0,642,237,29667,4.52,4.36
2007,12,Hatchback,0,2649,599,31130,4.02,3.73
2008,1,Sedan,1,1260,660,29435,7.37,1.24
2008,1,SUV,1,356,381,25752,11.04,3.65
2008,1,Truck,1,1100,202,49530,10.68,1.46
2008,1,Hatchback,1,2928,127,23273,10.86,3.18
2008,2,Sedan,1,2478,430,49252,7.01,3.08
2008,2,SUV,1,1224,617,37014,9.21,1.12
2008,2,Truck,1,2346,603,47042,9.64,2.41
2008,2,Hatchback,1,804,551,37484,9.57,2.24
2008,3,Sedan,1,888,335,34114,9.58,2.87
2008,3,SUV,1,1453,378,43164,10.31,2.92
2008,3,Truck,1,2695,639,38733,6.62,3.04
2008,3,Hatchback,1,2170,309,45766,10.64,1.43
2008,4,Sedan,1,3463,620,34210,8.41,1.78
2008,4,SUV,1,2080,645,38188,9.11,0.74
2008,4,Truck,1,2144,421,23610,9.84,1.45
2008,4,Hatchback,1,1564,528,28258,9.2,1.64
2008,5,Sedan,1,588,749,25249,11.96,2.82
2008,5,SUV,1,1212,721,46977,8.68,1.67
2008,5,Truck,1,812,728,48195,11.77,2.72
2008,5,Hatchback,1,2711,328,20207,8.46,1.98
2008,6,Sedan,1,1821,88,49328,7.81,3.93
2008,6,SUV,1,2143,604,35901,7.41,1.9
2008,6,Truck,1,1428,776,49943,9.24,3.45
2008,6,Hatchback,1,453,146,40421,7.54,3.26
2008,7,Sedan,1,1058,706,30699,10.69,2.98
2008,7,SUV,1,2957,722,40960,7.36,1.7
2008,7,Truck,1,2035,352,22817,11.62,2.44
2008,7,Hatchback,1,1557,404,38073,9.6,2.3
2008,8,Sedan,1,1359,404,30382,11.95,3.48
2008,8,SUV,1,3224,270,20560,6.7,3.36
2008,8,Truck,1,1628,205,47863,9.19,3.02
2008,8,Hatchback,1,2546,757,49619,10.91,1.63
2008,9,Sedan,1,3307,452,27373,11.85,2.74
2008,9,SUV,1,1739,713,49984,11.54,2.2
2008,9,Truck,1,1143,348,24917,10.98,1.61
2008,9,Hatchback,1,2121,99,25772,8.21,0.74
2008,10,Sedan,1,1024,508,33891,6.48,3.22
2008,10,SUV,1,3306,565,48763,7.87,2.27
2008,10,Truck,1,2475,741,22494,9.84,1.26
2008,10,Hatchback,1,3394,183,25179,8.19,1.85
2008,11,Sedan,1,1717,701,26488,6.35,3.98
2008,11,SUV,1,1715,124,45032,8.58,1.1
2008,11,Truck,1,3320,342,37563,7.82,0.85
2008,11,Hatchback,1,629,690,28800,9.06,3.99
2008,12,Sedan,1,1853,366,21403,7.84,2.68
2008,12,SUV,1,3303,416,39686,10.35,3.27
2008,12,Truck,1,886,465,46715,8.89,1.12
2008,12,Hatchback,1,2201,595,49181,7.49,0.97
2009,1,Sedan,1,1955,672,27758,9.49,2.88
2009,1,SUV,1,979,131,47660,6.07,1.34
2009,1,Truck,1,2019,217,20671,8.93,0.88
2009,1,Hatchback,1,2059,641,42420,11.07,0.84
2009,2,Sedan,1,2139,645,45121,7.95,3.08
2009,2,SUV,1,3012,428,39877,8.35,3.85
2009,2,Truck,1,2220,163,20016,9.95,3.8
2009,2,Hatchback,1,749,527,26172,7.68,3.76
2009,3,Sedan,1,3216,264,45364,10.95,2.23
2009,3,SUV,1,892,660,38631,7.36,3.61
2009,3,Truck,1,3098,764,43724,6.9,3.08
2009,3,Hatchback,1,1853,85,24940,6.23,3.11
2009,4,Sedan,1,2769,576,48082,6.43,0.54
2009,4,SUV,1,1517,197,42804,8.33,2.12
2009,4,Truck,1,1521,428,32686,11.65,3.24
2009,4,Hatchback,1,743,472,47065,6.59,2.81
2009,5,Sedan,1,2746,495,25439,8.55,0.79
2009,5,SUV,1,2653,348,37630,10.69,1.3
2009,5,Truck,1,2013,449,47569,6.06,1.39
2009,5,Hatchback,1,1479,572,46792,11.76,2.17
2009,6,Sedan,1,608,701,22196,6.75,2.16
2009,6,SUV,1,888,378,20780,9.49,3.12
2009,6,Truck,1,1267,309,49921,6.77,1.68
2009,6,Hatchback,1,1004,400,46806,6.57,1.82
2009,7,Sedan,1,2937,711,32275,7.44,0.93
2009,7,SUV,1,2701,427,20685,6.08,3.97
2009,7,Truck,1,1446,256,35990,11.28,1.4
2009,7,Hatchback,1,2443,503,22196,10.53,2.11
2009,8,Sedan,1,560,367,42765,10.66,2.8
2009,8,SUV,1,3395,557,45237,11.91,3.78
2009,8,Truck,1,3057,704,39921,6.65,2.9
2009,8,Hatchback,1,547,528,31870,8.93,1.03
2009,9,Sedan,1,672,301,23754,10.55,3.1
2009,9,SUV,1,709,641,38037,9.39,2.91
2009,9,Truck,1,1262,181,23300,6.96,2.12
2009,9,Hatchback,1,2958,546,42656,10.45,3.59
2009,10,Sedan,1,1648,778,44417,7.22,2.44
2009,10,SUV,1,3126,320,34566,9.69,2.91
2009,10,Truck,1,1861,89,38931,9.14,3.47
2009,10,Hatchback,1,569,532,23083,10.47,1.21
2009,11,Sedan,1,2792,428,43928,10.07,3.15
2009,11,SUV,1,3076,248,37508,6.75,1.85
2009,11,Truck,1,1080,508,21013,9.56,1.87
2009,11,Hatchback,1,1766,776,47028,6.17,1.08
2009,12,Sedan,1,3348,124,25036,6.56,2.56
2009,12,SUV,1,2144,256,49197,10.34,0.86
2009,12,Truck,1,2412,789,31005,8.92,2.6
2009,12,Hatchback,1,2631,127,31154,8.99,0.77
2010,1,Sedan,0,1395,270,49771,8.71,3.98
2010,1,SUV,0,4168,1257,36063,7.12,2.81
2010,1,Truck,0,5733,275,45782,5.42,2.8
2010,1,Hatchback,0,1963,1120,45051,8.41,4.99
2010,2,Sedan,0,1822,282,30028,5.04,3.73
2010,2,SUV,0,1390,1106,49742,4.71,2.93
2010,2,Truck,0,3150,289,44650,8.44,4.83
2010,2,Hatchback,0,1603,785,45075,6.17,2.67
2010,3,Sedan,0,5035,1249,26397,7.52,3.94
2010,3,SUV,0,2880,860,43284,4.34,4.48
2010,3,Truck,0,3003,192,35433,9.62,3.97
2010,3,Hatchback,0,2550,466,49309,8.37,3.24
2010,4,Sedan,0,4006,535,30851,8.59,2.06
2010,4,SUV,0,5739,868,27710,9.54,3.15
2010,4,Truck,0,2317,1267,24713,5.69,2.42
2010,4,Hatchback,0,794,414,28461,5.5,2.45
2010,5,Sedan,0,4503,932,27896,8.66,1.73
2010,5,SUV,0,2662,933,22643,7.72,3.47
2010,5,Truck,0,1426,803,47717,9.4,1.58
2010,5,Hatchback,0,2005,742,31918,9.29,2.88
2010,6,Sedan,0,5084,768,23959,5.56,4.06
2010,6,SUV,0,3433,156,49777,4.87,4.04
2010,6,Truck,0,3422,611,42360,9.68,4.89
2010,6,Hatchback,0,1108,338,27345,8.32,2.96
2010,7,Sedan,0,1316,504,49264,9.88,2.3
2010,7,SUV,0,3108,1014,42950,8.25,3.4
2010,7,Truck,0,2420,386,30849,6.91,2.08
2010,7,Hatchback,0,2444,157,33368,8.01,3.12
2010,8,Sedan,0,5100,240,49259,4.37,3.29
2010,8,SUV,0,1332,1043,46866,8.72,2.2
2010,8,Truck,0,3388,820,29369,5.98,4.15
2010,8,Hatchback,0,3949,405,38133,4.97,2.39
2010,9,Sedan,0,4257,1012,38489,8.5,3.45
2010,9,SUV,0,3135,1116,33565,6.06,2.49
2010,9,Truck,0,2492,423,41253,6.23,3.08
2010,9,Hatchback,0,3511,360,25546,8.65,4.88
2010,10,Sedan,0,3661,477,48233,4.56,2.75
2010,10,SUV,0,3253,759,27239,8.79,2.89
2010,10,Truck,0,3342,263,33521,4.95,3.94
2010,10,Hatchback,0,4606,630,39206,7.68,2.77
2010,11,Sedan,0,938,942,21898,9.9,1.99
2010,11,SUV,0,4440,804,20612,8.4,4.37
2010,11,Truck,0,1334,466,27133,7.69,1.79
2010,11,Hatchback,0,3709,972,35149,5.92,4.96
2010,12,Sedan,0,2892,821,37053,7.81,2.08
2010,12,SUV,0,1950,786,46170,4.97,1.54
2010,12,Truck,0,2472,299,30592,4.18,4.38
2010,12,Hatchback,0,4282,967,20226,5.12,4.5
2011,1,Sedan,0,2274,760,20645,8.26,2.6
2011,1,SUV,0,4188,601,46475,5.88,2.39
2011,1,Truck,0,1984,893,32763,7.15,2.36
2011,1,Hatchback,0,5197,412,44765,8.31,2.97
2011,2,Sedan,0,3711,182,26450,6.7,4.12
2011,2,SUV,0,3391,357,29087,6.11,4.45
2011,2,Truck,0,2608,1249,27950,5.52,1.61
2011,2,Hatchback,0,4128,482,42433,5.95,3.9
2011,3,Sedan,0,786,189,21958,5.0,3.79
2011,3,SUV,0,5196,1240,45215,7.86,3.93
2011,3,Truck,0,2203,946,37332,7.92,4.78
2011,3,Hatchback,0,1150,650,41030,8.84,1.71
2011,4,Sedan,0,3308,278,48384,9.25,1.5
2011,4,SUV,0,2359,912,37761,6.68,3.11
2011,4,Truck,0,3790,780,29031,4.77,2.94
2011,4,Hatchback,0,5300,787,28787,4.11,2.98
2011,5,Sedan,0,5838,328,34949,5.68,4.5
2011,5,SUV,0,5613,937,35282,8.96,3.95
2011,5,Truck,0,3397,353,35686,7.73,3.46
2011,5,Hatchback,0,2437,1151,39374,6.7,2.26
2011,6,Sedan,0,2352,1206,39107,4.58,2.35
2011,6,SUV,0,3440,1003,31639,5.7,4.39
2011,6,Truck,0,2714,562,46845,7.59,1.73
2011,6,Hatchback,0,1784,1137,34849,8.01,3.58
2011,7,Sedan,0,5409,950,39582,7.76,3.36
2011,7,SUV,0,1902,1274,38863,4.21,3.54
2011,7,Truck,0,2502,738,37044,4.38,4.41
2011,7,Hatchback,0,2983,1017,36288,8.43,3.34
2011,8,Sedan,0,1869,755,37111,9.73,1.59
2011,8,SUV,0,1010,689,21447,5.9,3.02
2011,8,Truck,0,1231,1263,32946,9.36,3.05
2011,8,Hatchback,0,2487,1153,49176,8.22,2.33
2011,9,Sedan,0,2373,581,20771,6.31,3.21
2011,9,SUV,0,4081,768,20193,5.63,3.16
2011,9,Truck,0,2750,887,29302,6.44,4.62
2011,9,Hatchback,0,5151,873,41259,7.62,4.68
2011,10,Sedan,0,4741,599,44000,6.7,3.16
2011,10,SUV,0,769,507,37839,5.68,2.22
2011,10,Truck,0,3115,521,41360,5.31,1.63
2011,10,Hatchback,0,1008,1112,38352,5.31,2.89
2011,11,Sedan,0,3514,431,38184,8.9,2.5
2011,11,SUV,0,1626,1154,22866,9.28,3.51
2011,11,Truck,0,5990,1043,35114,4.27,3.08
2011,11,Hatchback,0,3208,854,40012,6.37,2.98
2011,12,Sedan,0,4683,887,32743,8.03,2.4
2011,12,SUV,0,4573,520,42630,9.72,4.02
2011,12,Truck,0,807,574,40125,5.55,1.71
2011,12,Hatchback,0,2850,1233,33969,4.69,2.84
2012,1,Sedan,0,3823,674,36977,4.55,3.59
2012,1,SUV,0,1722,237,49808,4.43,1.78
2012,1,Truck,0,3842,182,48582,6.48,3.76
2012,1,Hatchback,0,841,713,21842,7.56,1.54
2012,2,Sedan,0,5766,860,31381,4.69,2.04
2012,2,SUV,0,1524,237,47077,4.72,4.66
2012,2,Truck,0,1063,583,26439,8.92,3.93
2012,2,Hatchback,0,5835,673,22282,6.92,3.52
2012,3,Sedan,0,2083,874,32336,5.3,3.13
2012,3,SUV,0,2317,785,27461,9.07,3.92
2012,3,Truck,0,3789,686,44950,7.26,4.52
2012,3,Hatchback,0,4510,601,30081,6.31,3.08
2012,4,Sedan,0,4491,1229,41544,6.59,2.62
2012,4,SUV,0,3049,1201,21141,8.23,3.91
2012,4,Truck,0,4633,700,27835,6.58,2.0
2012,4,Hatchback,0,2509,1211,47840,9.68,2.69
2012,5,Sedan,0,4527,705,37297,7.82,2.69
2012,5,SUV,0,4855,292,34730,5.87,3.87
2012,5,Truck,0,1714,1023,40083,7.48,3.46
2012,5,Hatchback,0,1864,633,25744,4.84,3.2
2012,6,Sedan,0,2278,575,20442,7.19,1.98
2012,6,SUV,0,2013,687,34325,9.55,2.95
2012,6,Truck,0,4960,1192,38693,8.54,3.1
2012,6,Hatchback,0,5410,759,22169,4.7,4.85
2012,7,Sedan,0,4389,968,20785,8.96,4.94
2012,7,SUV,0,5606,205,34973,6.34,2.85
2012,7,Truck,0,2161,217,47716,4.92,3.44
2012,7,Hatchback,0,3865,603,41300,9.0,3.04
2012,8,Sedan,0,2252,669,47756,5.17,1.7
2012,8,SUV,0,4186,626,49675,5.41,4.41
2012,8,Truck,0,2426,629,21627,7.5,5.0
2012,8,Hatchback,0,1960,1254,46762,5.24,4.24
2012,9,Sedan,0,4404,1121,44401,7.74,3.49
2012,9,SUV,0,4000,343,45574,6.37,1.64
2012,9,Truck,0,1387,925,30403,9.44,1.96
2012,9,Hatchback,0,4394,280,44842,6.12,3.1
2012,10,Sedan,0,3351,988,32021,8.74,1.94
2012,10,SUV,0,1771,367,33331,6.8,1.62
2012,10,Truck,0,1658,319,24761,9.89,3.19
2012,10,Hatchback,0,2532,670,44509,8.57,2.85
2012,11,Sedan,0,3969,777,23825,8.35,4.63
2012,11,SUV,0,5162,235,41083,8.97,4.18
2012,11,Truck,0,3982,603,40642,5.2,1.88
2012,11,Hatchback,0,738,1232,22384,9.08,4.63
2012,12,Sedan,0,3588,1216,33324,9.83,2.27
2012,12,SUV,0,3920,276,47103,9.58,1.61
2012,12,Truck,0,5287,864,39337,4.81,2.55
2012,12,Hatchback,0,2998,393,26337,6.0,4.07
2013,1,Sedan,0,2170,202,44285,4.05,4.99
2013,1,SUV,0,3373,1160,24208,4.54,1.51
2013,1,Truck,0,1905,508,20024,7.8,1.74
2013,1,Hatchback,0,5683,1095,32935,8.61,3.8
2013,2,Sedan,0,4437,462,40131,8.2,1.87
2013,2,SUV,0,4927,473,41281,4.47,2.93
2013,2,Truck,0,1095,594,21098,6.09,1.89
2013,2,Hatchback,0,824,1019,30207,4.43,4.84
2013,3,Sedan,0,1028,815,25185,4.46,3.25
2013,3,SUV,0,2396,145,30350,5.27,4.52
2013,3,Truck,0,4141,408,45549,4.91,2.43
2013,3,Hatchback,0,5041,1081,43782,6.86,2.29
2013,4,Sedan,0,1123,1144,21556,5.29,2.96
2013,4,SUV,0,2164,1072,30576,8.32,4.53
2013,4,Truck,0,2506,861,45235,8.1,2.35
2013,4,Hatchback,0,1813,197,34743,5.74,3.47
2013,5,Sedan,0,3368,395,43610,8.65,2.45
2013,5,SUV,0,5042,505,24945,8.94,4.03
2013,5,Truck,0,2116,1248,38193,5.66,3.97
2013,5,Hatchback,0,4696,243,45393,6.8,2.69
2013,6,Sedan,0,1665,1210,25276,9.59,4.39
2013,6,SUV,0,5678,1004,24523,7.43,4.68
2013,6,Truck,0,1581,312,45682,9.46,2.82
2013,6,Hatchback,0,4790,650,28662,6.96,2.86
2013,7,Sedan,0,3012,1076,43478,4.03,2.08
2013,7,SUV,0,5385,434,35372,5.1,2.47
2013,7,Truck,0,1226,1149,48099,8.22,2.54
2013,7,Hatchback,0,2179,1181,33200,6.16,4.85
2013,8,Sedan,0,3704,847,21378,6.75,2.23
2013,8,SUV,0,871,435,41352,4.31,4.19
2013,8,Truck,0,3308,1092,44972,6.49,4.02
2013,8,Hatchback,0,5908,344,40277,9.28,2.26
2013,9,Sedan,0,3801,1240,29388,4.22,2.88
2013,9,SUV,0,1530,470,34609,8.42,4.91
2013,9,Truck,0,1726,322,36923,8.28,2.2
2013,9,Hatchback,0,1026,821,31515,4.26,3.83
2013,10,Sedan,0,3115,282,30293,7.1,2.44
2013,10,SUV,0,3120,890,49229,5.45,4.69
2013,10,Truck,0,5209,1232,27011,9.69,1.61
2013,10,Hatchback,0,1063,273,39045,7.19,3.58
2013,11,Sedan,0,5719,660,45315,4.25,2.89
2013,11,SUV,0,5284,1236,24214,8.64,4.21
2013,11,Truck,0,3181,913,22745,9.14,3.51
2013,11,Hatchback,0,3266,1082,39176,4.72,2.43
2013,12,Sedan,0,5475,1085,37908,6.05,4.09
2013,12,SUV,0,3679,1111,48472,6.23,1.5
2013,12,Truck,0,1766,969,43779,9.08,1.58
2013,12,Hatchback,0,5911,1137,32512,7.64,2.52
2014,1,Sedan,0,4339,406,49754,5.82,1.73
2014,1,SUV,0,1185,332,47233,7.62,3.16
2014,1,Truck,0,2089,799,33913,9.94,2.34
2014,1,Hatchback,0,2816,919,29171,7.27,4.87
2014,2,Sedan,0,932,431,29744,5.35,2.19
2014,2,SUV,0,3490,702,20025,9.08,2.6
2014,2,Truck,0,1152,1029,42983,7.82,2.86
2014,2,Hatchback,0,4779,767,21072,9.68,2.68
2014,3,Sedan,0,2667,868,38990,4.36,3.91
2014,3,SUV,0,4009,1107,36241,4.05,3.71
2014,3,Truck,0,3354,864,21696,9.75,3.35
2014,3,Hatchback,0,3939,873,41625,8.08,1.77
2014,4,Sedan,0,4974,906,42973,6.76,3.41
2014,4,SUV,0,2918,418,21757,7.37,4.52
2014,4,Truck,0,3680,685,20492,4.3,4.45
2014,4,Hatchback,0,5187,559,46956,7.16,2.87
2014,5,Sedan,0,4875,885,48328,5.18,4.83
2014,5,SUV,0,3891,1210,27866,9.89,3.49
2014,5,Truck,0,1027,910,27186,5.06,2.25
2014,5,Hatchback,0,3001,328,45859,8.98,4.06
2014,6,Sedan,0,4710,483,49290,6.37,4.84
2014,6,SUV,0,1714,449,28711,4.97,3.17
2014,6,Truck,0,4707,772,43360,6.75,4.23
2014,6,Hatchback,0,5000,908,47377,8.63,3.25
2014,7,Sedan,0,5678,676,42601,8.71,2.82
2014,7,SUV,0,5410,460,30410,4.28,4.33
2014,7,Truck,0,3442,865,30695,8.85,2.39
2014,7,Hatchback,0,4123,582,27618,9.37,1.5
2014,8,Sedan,0,3944,473,46037,6.39,4.72
2014,8,SUV,0,3211,1002,28792,8.57,2.8
2014,8,Truck,0,1774,653,20628,4.2,1.7
2014,8,Hatchback,0,4716,912,40313,6.14,4.26
2014,9,Sedan,0,738,1248,30195,7.44,2.95
2014,9,SUV,0,4209,276,35417,9.26,4.91
2014,9,Truck,0,5892,1058,29256,4.23,1.63
2014,9,Hatchback,0,3481,1102,46536,9.7,3.54
2014,10,Sedan,0,4045,988,42626,5.96,4.44
2014,10,SUV,0,1958,1038,34534,9.36,4.81
2014,10,Truck,0,3214,1157,29065,9.33,3.41
2014,10,Hatchback,0,4416,416,48551,5.12,2.66
2014,11,Sedan,0,1336,854,47547,7.82,2.78
2014,11,SUV,0,924,676,34208,6.46,4.34
2014,11,Truck,0,5562,374,35523,8.16,4.2
2014,11,Hatchback,0,5487,133,48482,7.09,3.12
2014,12,Sedan,0,4502,451,43155,6.55,1.63
2014,12,SUV,0,903,364,44381,7.19,3.57
2014,12,Truck,0,1438,864,25445,4.33,4.91
2014,12,Hatchback,0,4387,540,40691,5.38,1.51
2015,1,Sedan,0,2984,1225,39493,8.39,3.74
2015,1,SUV,0,4488,574,38233,5.82,2.64
2015,1,Truck,0,1962,663,36589,4.75,2.68
2015,1,Hatchback,0,5173,845,48175,8.53,2.88
2015,2,Sedan,0,3849,1107,44847,4.47,3.41
2015,2,SUV,0,4527,170,24538,5.61,3.31
2015,2,Truck,0,1771,975,23551,4.25,2.43
2015,2,Hatchback,0,5288,856,42963,7.79,1.95
2015,3,Sedan,0,4099,261,22800,7.08,3.28
2015,3,SUV,0,5250,234,30728,6.69,2.06
2015,3,Truck,0,5224,253,48070,6.77,4.72
2015,3,Hatchback,0,1087,620,20166,9.1,2.71
2015,4,Sedan,0,4786,1120,20680,5.17,2.71
2015,4,SUV,0,5828,570,29523,4.94,1.92
2015,4,Truck,0,1272,227,38287,7.37,4.81
2015,4,Hatchback,0,5592,1232,27106,6.9,3.27
2015,5,Sedan,0,1981,716,26033,4.1,4.24
2015,5,SUV,0,4788,763,24173,8.22,4.9
2015,5,Truck,0,4663,1235,24997,7.28,4.88
2015,5,Hatchback,0,3463,379,37860,8.31,4.52
2015,6,Sedan,0,2826,756,45234,6.38,1.96
2015,6,SUV,0,2377,244,23731,8.06,3.69
2015,6,Truck,0,2444,617,39477,8.04,4.29
2015,6,Hatchback,0,3679,396,36311,9.61,4.48
2015,7,Sedan,0,4274,902,31442,4.07,3.86
2015,7,SUV,0,734,144,39581,6.34,2.17
2015,7,Truck,0,766,650,39333,6.0,4.06
2015,7,Hatchback,0,1664,205,39488,5.71,3.01
2015,8,Sedan,0,621,1072,42724,4.43,2.22
2015,8,SUV,0,1141,504,33452,8.71,4.07
2015,8,Truck,0,5772,812,42742,6.51,4.13
2015,8,Hatchback,0,3913,598,49240,4.07,3.08
2015,9,Sedan,0,841,150,30561,9.82,1.9
2015,9,SUV,0,2209,1014,21988,5.14,3.54
2015,9,Truck,0,5162,1024,47851,4.44,3.62
2015,9,Hatchback,0,848,796,25755,7.3,3.91
2015,10,Sedan,0,783,699,47942,5.03,4.74
2015,10,SUV,0,3720,321,49074,7.74,3.77
2015,10,Truck,0,4018,1214,49829,5.51,3.87
2015,10,Hatchback,0,5634,205,38939,4.01,2.11
2015,11,Sedan,0,3770,328,34296,4.93,4.81
2015,11,SUV,0,4192,856,47540,5.22,3.56
2015,11,Truck,0,1330,666,40504,4.3,3.7
2015,11,Hatchback,0,5875,217,33318,5.52,3.08
2015,12,Sedan,0,2904,973,31683,8.35,3.66
2015,12,SUV,0,810,344,30896,6.99,4.1
2015,12,Truck,0,4788,1111,27674,4.51,4.33
2015,12,Hatchback,0,5954,481,49315,6.61,4.03
2016,1,Sedan,0,4154,451,20859,7.68,3.73
2016,1,SUV,0,3260,404,48327,7.92,4.36
2016,1,Truck,0,1960,752,41550,4.18,2.75
2016,1,Hatchback,0,5596,517,25039,9.47,2.74
2016,2,Sedan,0,4212,1207,37721,7.58,3.58
2016,2,SUV,0,2554,523,37910,9.03,4.32
2016,2,Truck,0,5844,341,27610,5.7,4.25
2016,2,Hatchback,0,3520,1259,21014,8.43,3.33
2016,3,Sedan,0,1428,770,36873,6.56,2.22
2016,3,SUV,0,952,608,40411,6.21,4.63
2016,3,Truck,0,2847,867,39642,6.73,3.71
2016,3,Hatchback,0,5949,288,25307,9.0,3.25
2016,4,Sedan,0,5036,456,25738,9.62,1.72
2016,4,SUV,0,674,989,30751,6.66,1.58
2016,4,Truck,0,5821,304,23644,6.82,1.6
2016,4,Hatchback,0,4533,296,45398,8.28,1.54
2016,5,Sedan,0,744,629,21637,4.96,2.06
2016,5,SUV,0,1372,1056,35195,7.99,4.59
2016,5,Truck,0,3801,522,35954,4.66,2.51
2016,5,Hatchback,0,834,310,31707,6.66,3.44
2016,6,Sedan,0,931,208,47966,4.46,4.55
2016,6,SUV,0,3709,865,32127,8.72,3.71
2016,6,Truck,0,2040,599,48985,9.65,4.57
2016,6,Hatchback,0,2083,1206,20136,4.47,4.4
2016,7,Sedan,0,1393,681,47253,8.77,4.6
2016,7,SUV,0,4130,1072,47080,4.96,3.86
2016,7,Truck,0,3840,1002,31821,6.31,3.21
2016,7,Hatchback,0,4581,929,36980,8.31,4.06
2016,8,Sedan,0,4306,916,24757,7.25,2.71
2016,8,SUV,0,1197,952,21673,7.81,3.54
2016,8,Truck,0,2683,432,31803,5.87,2.08
2016,8,Hatchback,0,4956,1114,36530,6.01,4.12
2016,9,Sedan,0,3492,790,28328,6.49,3.0
2016,9,SUV,0,621,382,34665,6.47,4.14
2016,9,Truck,0,2937,588,25618,7.28,3.51
2016,9,Hatchback,0,5625,439,20204,8.18,3.23
2016,10,Sedan,0,4665,512,39071,9.88,3.29
2016,10,SUV,0,2217,1160,48976,8.07,4.21
2016,10,Truck,0,1584,379,38160,7.67,4.5
2016,10,Hatchback,0,900,1123,27374,9.31,2.28
2016,11,Sedan,0,2000,161,23893,8.34,3.37
2016,11,SUV,0,5284,249,20504,9.25,2.21
2016,11,Truck,0,2264,947,23816,7.19,3.29
2016,11,Hatchback,0,1389,686,24994,4.08,2.93
2016,12,Sedan,0,3124,430,43185,9.41,2.21
2016,12,SUV,0,5168,971,22581,6.88,2.14
2016,12,Truck,0,3406,564,45307,7.27,4.94
2016,12,Hatchback,0,5612,1212,26476,8.82,3.02
2017,1,Sedan,0,5779,954,46345,5.93,2.27
2017,1,SUV,0,846,1210,32327,4.41,2.79
2017,1,Truck,0,4068,287,30858,9.58,2.83
2017,1,Hatchback,0,1676,209,29471,6.9,1.52
2017,2,Sedan,0,2406,540,31767,7.29,1.73
2017,2,SUV,0,898,536,21892,7.13,2.73
2017,2,Truck,0,2403,536,31763,4.84,3.85
2017,2,Hatchback,0,651,832,22618,5.02,2.18
2017,3,Sedan,0,862,703,30640,5.55,3.62
2017,3,SUV,0,2774,877,33145,9.33,3.53
2017,3,Truck,0,2391,874,43465,5.84,2.95
2017,3,Hatchback,0,663,815,48167,7.53,2.15
2017,4,Sedan,0,1744,630,21629,9.21,4.04
2017,4,SUV,0,5988,397,41839,4.46,3.94
2017,4,Truck,0,1044,1244,24886,7.96,4.29
2017,4,Hatchback,0,1059,209,48453,7.2,3.73
2017,5,Sedan,0,5440,417,42588,5.95,2.44
2017,5,SUV,0,5701,620,36140,7.93,4.38
2017,5,Truck,0,4255,696,45550,8.93,3.12
2017,5,Hatchback,0,4120,1218,34295,4.53,3.95
2017,6,Sedan,0,843,338,35899,5.3,3.12
2017,6,SUV,0,3697,219,35228,9.28,2.35
2017,6,Truck,0,2448,1205,23191,9.15,4.24
2017,6,Hatchback,0,3123,604,34010,7.09,4.08
2017,7,Sedan,0,5638,228,48901,4.57,4.12
2017,7,SUV,0,2046,1289,32031,9.8,4.39
2017,7,Truck,0,2610,517,20956,8.49,4.32
2017,7,Hatchback,0,3606,715,24460,6.79,3.5
2017,8,Sedan,0,4765,457,39212,4.78,1.58
2017,8,SUV,0,5124,777,45525,7.4,2.59
2017,8,Truck,0,4020,906,20165,4.1,4.71
2017,8,Hatchback,0,4804,591,42431,4.8,3.29
2017,9,Sedan,0,4711,798,33519,6.49,2.91
2017,9,SUV,0,5920,826,20067,9.94,4.15
2017,9,Truck,0,3876,713,20572,6.34,2.3
2017,9,Hatchback,0,3309,1240,42423,6.27,2.8
2017,10,Sedan,0,3704,1050,23262,5.27,4.98
2017,10,SUV,0,3992,859,34211,9.17,3.11
2017,10,Truck,0,1844,1058,40767,6.73,3.86
2017,10,Hatchback,0,1917,488,45515,7.0,3.92
2017,11,Sedan,0,4084,365,38889,7.33,4.12
2017,11,SUV,0,2613,929,49077,6.73,3.84
2017,11,Truck,0,5625,687,41133,4.36,3.9
2017,11,Hatchback,0,5400,616,27226,8.2,4.43
2017,12,Sedan,0,1969,820,43773,9.46,3.74
2017,12,SUV,0,706,250,24108,4.92,3.5
2017,12,Truck,0,3946,1212,40259,4.47,4.09
2017,12,Hatchback,0,4107,1183,31413,8.22,1.73
2018,1,Sedan,0,3464,945,26582,9.3,3.81
2018,1,SUV,0,3679,187,45530,9.32,2.19
2018,1,Truck,0,4592,793,49768,9.98,1.61
2018,1,Hatchback,0,2108,733,34062,7.62,3.67
2018,2,Sedan,0,2076,917,29076,4.37,2.67
2018,2,SUV,0,5227,211,26953,9.63,1.8
2018,2,Truck,0,2455,256,42449,6.5,2.09
2018,2,Hatchback,0,1514,487,24145,5.61,1.85
2018,3,Sedan,0,4386,1297,44356,8.56,4.89
2018,3,SUV,0,5797,201,21942,8.79,2.64
2018,3,Truck,0,1683,249,20861,4.12,4.39
2018,3,Hatchback,0,4933,192,43971,8.04,1.72
2018,4,Sedan,0,3177,1160,31349,9.39,4.22
2018,4,SUV,0,5713,626,38263,4.93,1.79
2018,4,Truck,0,5055,169,43926,8.24,3.66
2018,4,Hatchback,0,3600,378,32773,8.68,2.56
2018,5,Sedan,0,2931,590,42443,5.64,3.21
2018,5,SUV,0,4459,213,39702,9.91,2.88
2018,5,Truck,0,3183,364,42711,6.18,2.17
2018,5,Hatchback,0,1424,817,48018,9.95,3.82
2018,6,Sedan,0,3183,481,26094,7.23,4.44
2018,6,SUV,0,4075,170,22440,9.64,1.56
2018,6,Truck,0,1612,1064,34536,6.96,3.19
2018,6,Hatchback,0,2080,705,20226,8.8,1.93
2018,7,Sedan,0,2796,1049,20186,8.57,1.94
2018,7,SUV,0,2918,1268,45424,8.91,3.29
2018,7,Truck,0,2857,479,21630,6.42,4.9
2018,7,Hatchback,0,4070,1002,39642,4.85,3.5
2018,8,Sedan,0,862,197,29949,9.13,3.22
2018,8,SUV,0,3942,1064,28597,7.62,3.52
2018,8,Truck,0,3352,222,34520,8.71,2.38
2018,8,Hatchback,0,4143,631,34079,4.52,3.45
2018,9,Sedan,0,1017,460,32100,5.05,3.85
2018,9,SUV,0,3400,1124,24820,9.24,2.37
2018,9,Truck,0,4772,633,41004,7.74,3.6
2018,9,Hatchback,0,930,778,47340,5.39,2.43
2018,10,Sedan,0,5361,483,36279,6.92,4.72
2018,10,SUV,0,5644,491,31949,7.66,4.74
2018,10,Truck,0,1960,1037,41260,6.81,3.13
2018,10,Hatchback,0,2668,482,37270,6.92,3.0
2018,11,Sedan,0,1694,500,20870,9.61,2.82
2018,11,SUV,0,1940,568,22828,8.05,4.17
2018,11,Truck,0,2576,865,26992,7.06,3.65
2018,11,Hatchback,0,3913,601,26622,4.74,3.69
2018,12,Sedan,0,2817,529,22696,9.04,2.06
2018,12,SUV,0,3943,1224,33409,5.29,2.68
2018,12,Truck,0,2404,436,43501,9.49,2.16
2018,12,Hatchback,0,2628,375,49963,6.28,4.31
2019,1,Sedan,0,1658,309,47238,4.75,4.2
2019,1,SUV,0,3555,786,28924,9.14,4.42
2019,1,Truck,0,2509,635,32629,4.4,1.57
2019,1,Hatchback,0,829,777,24917,4.53,2.49
2019,2,Sedan,0,3223,1241,45392,5.99,2.53
2019,2,SUV,0,5638,1235,29062,5.59,3.64
2019,2,Truck,0,4461,367,48645,5.77,3.67
2019,2,Hatchback,0,5865,611,43795,8.43,2.47
2019,3,Sedan,0,5096,204,49964,4.06,4.01
2019,3,SUV,0,4411,425,25366,6.61,4.28
2019,3,Truck,0,2253,1103,44423,5.88,4.47
2019,3,Hatchback,0,2953,401,39247,9.01,4.77
2019,4,Sedan,0,5406,768,45498,4.55,2.07
2019,4,SUV,0,4629,742,29590,9.81,3.06
2019,4,Truck,0,2127,791,31241,9.43,3.77
2019,4,Hatchback,0,4297,403,28002,5.77,1.9
2019,5,Sedan,0,4624,731,35472,4.04,2.24
2019,5,SUV,0,5116,851,35641,8.3,4.5
2019,5,Truck,0,5682,741,43683,5.88,3.92
2019,5,Hatchback,0,753,448,40056,8.38,4.79
2019,6,Sedan,0,5692,1236,25552,8.93,2.11
2019,6,SUV,0,3052,754,33171,5.73,3.22
2019,6,Truck,0,898,1270,41427,8.4,3.71
2019,6,Hatchback,0,1779,1284,47513,7.28,4.66
2019,7,Sedan,0,2191,741,21987,7.49,1.87
2019,7,SUV,0,3927,1262,29878,8.2,2.94
2019,7,Truck,0,3222,577,27347,4.06,4.39
2019,7,Hatchback,0,5744,135,42393,7.46,3.12
2019,8,Sedan,0,2112,1259,40316,5.36,4.63
2019,8,SUV,0,1030,1038,22866,7.95,3.36
2019,8,Truck,0,5407,911,30956,7.41,2.54
2019,8,Hatchback,0,1477,1285,49277,5.56,4.89
2019,9,Sedan,0,2662,772,49345,4.3,1.68
2019,9,SUV,0,2533,1294,41942,5.31,4.96
2019,9,Truck,0,3518,1211,49432,7.47,2.76
2019,9,Hatchback,0,2078,157,28869,9.38,4.28
2019,10,Sedan,0,5109,1149,24624,7.34,2.05
2019,10,SUV,0,798,1232,40975,6.89,4.44
2019,10,Truck,0,2114,222,31708,7.46,4.17
2019,10,Hatchback,0,921,1107,22462,5.82,4.76
2019,11,Sedan,0,5521,1050,33269,4.46,2.97
2019,11,SUV,0,4291,820,24485,4.97,3.8
2019,11,Truck,0,2293,1149,25368,8.29,1.74
2019,11,Hatchback,0,4120,647,32306,8.64,1.65
2019,12,Sedan,0,3559,566,38850,6.13,3.43
2019,12,SUV,0,3109,1262,34231,7.67,2.81
2019,12,Truck,0,1887,213,22402,6.13,2.95
2019,12,Hatchback,0,1981,646,21956,4.42,2.88
2020,1,Sedan,1,3084,725,44762,6.17,3.68
2020,1,SUV,1,1264,770,38668,10.26,0.84
2020,1,Truck,1,3311,712,23854,10.39,3.85
2020,1,Hatchback,1,1456,700,43110,11.61,3.71
2020,2,Sedan,1,1050,179,47960,7.71,0.82
2020,2,SUV,1,2660,605,25316,10.69,1.89
2020,2,Truck,1,2926,216,27549,6.88,3.42
2020,2,Hatchback,1,1732,586,38925,6.65,3.19
2020,3,Sedan,1,1787,309,25737,11.07,2.19
2020,3,SUV,1,774,444,38148,11.41,1.25
2020,3,Truck,1,3123,436,33122,10.97,2.99
2020,3,Hatchback,1,1382,758,20808,7.27,3.5
2020,4,Sedan,1,2100,312,27701,6.79,1.84
2020,4,SUV,1,2314,702,37356,11.94,0.59
2020,4,Truck,1,1836,558,31533,10.13,0.92
2020,4,Hatchback,1,937,712,33001,9.74,1.28
2020,5,Sedan,1,2401,284,34038,8.5,1.06
2020,5,SUV,1,2040,475,39480,10.78,3.03
2020,5,Truck,1,2845,330,49277,6.6,0.56
2020,5,Hatchback,1,1299,363,28307,8.01,0.77
2020,6,Sedan,1,1484,403,27381,11.85,0.97
2020,6,SUV,1,2408,540,26401,11.56,1.97
2020,6,Truck,1,2496,344,45359,9.44,1.88
2020,6,Hatchback,1,1058,228,21881,11.68,3.24
2020,7,Sedan,1,651,270,42831,10.19,1.77
2020,7,SUV,1,1980,552,34407,11.43,1.81
2020,7,Truck,1,3159,539,43527,6.56,1.94
2020,7,Hatchback,1,2888,92,33374,7.35,1.29
2020,8,Sedan,1,2469,495,25956,6.54,1.18
2020,8,SUV,1,1668,219,48747,7.72,1.48
2020,8,Truck,1,1028,136,26124,11.22,3.16
2020,8,Hatchback,1,3353,261,35790,9.18,1.06
2020,9,Sedan,1,2514,130,42692,10.56,1.04
2020,9,SUV,1,1180,797,22965,6.75,1.1
2020,9,Truck,1,1014,773,36428,8.03,3.31
2020,9,Hatchback,1,2798,743,38293,7.56,3.6
2020,10,Sedan,1,3163,372,20931,6.73,0.89
2020,10,SUV,1,2734,432,28339,10.04,3.39
2020,10,Truck,1,1661,492,45491,9.94,2.37
2020,10,Hatchback,1,543,748,47612,11.94,0.61
2020,11,Sedan,1,1877,543,21170,7.01,1.73
2020,11,SUV,1,3330,432,30068,11.2,1.51
2020,11,Truck,1,550,746,40666,8.47,2.0
2020,11,Hatchback,1,2004,707,25983,11.1,1.21
2020,12,Sedan,1,520,164,22176,6.78,0.85
2020,12,SUV,1,2728,407,32142,10.91,0.64
2020,12,Truck,1,3179,357,27135,7.76,1.24
2020,12,Hatchback,1,1141,504,26553,7.73,0.83
